date_discovered,company,title,location,arrangement,experience,salary,posted_date,age_days_at_discovery,url,source,score,tier,visa_flag,status,concerns,notes,last_verified
2026-10-06,Lyzr AI,Product Designer (UI/UX),"Bengaluru, India",Hybrid,2-4 yrs,unlisted,2026-09-15,21,https://careers.lyzr.ai/jobs/701169-product-designer-ui-ux,Company careers page (Pinpoint); found via LinkedIn India,90,A,n/a (India role),New,Salary unlisted; Bengaluru only; design hiring bar likely high,"Designs surfaces to build, run and supervise enterprise AI agents (delegation, trust, review). Explicitly product design not visual execution. Posted date from company page JSON-LD. LinkedIn showed ""2 weeks"".",2026-10-06
2026-10-06,athenahealth,UX Designer (2 to 4 years),"Bengaluru (Whitefield), India",Not stated,2-4 yrs,not listed (third-party estimate ~INR 12-18L),2026-09-14,22,https://careers.athenahealth.com/us/en/job/R15474/UX-Designer-2-to-4-years,Company careers page (Phenom); found via LinkedIn India,86,A,n/a (India role),New,Healthcare not a priority domain; arrangement and salary not stated; company page now shows datePosted 2026-10-04 (LinkedIn first showed 2026-09-14),"AI-native design practice, research central (clinicians, domain experts), document-interoperability workflows. Used earliest date (LinkedIn 2026-09-14) per repost rule.",2026-10-06
2026-10-06,Envoy Global,Product Designer,"Hyderabad, India",Hybrid (3 days office),2-4 yrs (1-2 considered),not in ATS text (third-party estimate ~INR 12-18L),2026-09-09,27,https://job-boards.greenhouse.io/envoyglobalinc/jobs/6166328004,Company ATS (Greenhouse); found via LinkedIn India,74,B,n/a (India role),New,Early-career framing; also owns clickable sales demos and product storytelling,"Immigration / compliance workflow SaaS; AI-assisted prototyping (Figma Make, Lovable). LinkedIn showed ""5 days ago"" but Greenhouse first_published is 2026-09-09.",2026-10-06
2026-10-06,Bjak,Product Designer (UI/UX),India (city not specified),Not stated,3+ yrs,unlisted,2026-10-01,5,https://jobs.ashbyhq.com/bjakcareer/5fec0d01-c1bf-47b3-880d-640d0fbbf216,Company ATS (Ashby); found via Ashby search,72,B,n/a (India role),New,Strong UI-craft / visual emphasis; India city and arrangement unspecified; no salary,"Insurance, payments, investments product surfaces; NEW this week. Same board lists dozens of near-duplicate per-country postings.",2026-10-06
2026-10-06,StarRez,Product Designer,"Hyderabad, India",Not stated,5+ yrs,unlisted,2026-09-07,29,https://job-boards.greenhouse.io/starrez/jobs/5381463008,Company ATS (Greenhouse); found via LinkedIn India,71,B,n/a (India role),New,Asks 5+ yrs (stretch); student-housing SaaS domain,"Data-heavy analytics / dashboards team, discovery research, accessibility. LinkedIn showed ""5 days ago"" but Greenhouse first_published is 2026-09-07.",2026-10-06
2026-10-06,Bjak,UI Designer - AI Neobank App,India (city not specified),Not stated,2-5 yrs,unlisted,2026-10-01,5,https://jobs.ashbyhq.com/bjakcareer/fa035076-9a56-47e1-bb03-c3d2f5a0c149,Company ATS (Ashby); found via Ashby search,62,C,n/a (India role),New,Mobile UI-craft focused (leans visual production); no salary,AI neobank app; NEW this week.,2026-10-06
2026-10-06,Deepgram,Product Designer II,USA - Remote (Pacific Time; SF preferred),Remote,not stated (PD II),USD 115K-142.5K + equity + bonus,2026-10-02,4,https://jobs.ashbyhq.com/deepgram/790f9a3f-82e8-4c55-995b-8ccb95d6eff9,Company ATS (Ashby),66,C,"Unclear - remote PT, no sponsorship statement; likely requires US work authorization (user is F-1 STEM OPT, based in India)",New,US-only remote; visa position unstated; execution-heavy UI work on Playground / Console,Voice AI developer platform; reports to Director of Product Design.,2026-10-06
2026-10-06,AiPrise,Product Designer II,"Bengaluru, India",On-site,3+ yrs,INR 25L-35L + bonus,2026-08-10,57,https://jobs.ashbyhq.com/aiprise/8b61b339-a456-4f33-9970-19a69caa0db4,Company ATS (Ashby); YC Work at a Startup,88,Stale,n/a (India role),New,Posted 57 days ago; on-site; YC page says US citizen/visa only (irrelevant for India role),"YC S22, Series A. KYB/KYC/AML compliance platform with AI agents; designs for compliance analysts. Would be Tier A on fit; stale only on age. Check whether still open.",2026-10-06
2026-10-06,Ema,Product designer,"Bengaluru, India",Hybrid (3 days office),3+ yrs,unlisted,2026-07-24,74,https://jobs.ashbyhq.com/ema/36c17dbb-168d-4654-9a4e-0be64cacd02a,Company ATS (Ashby),78,Stale,n/a (India role),New,Posted 74 days ago; LinkedIn shows a 2026-09-15 repost,AI Employees for HR/IT/Finance (agentic enterprise). Earliest date used.,2026-10-06
2026-10-06,Atlys,Product Designer,"Delhi (HQ), India",On-site,3-5 yrs,not on ATS (Wellfound shows INR 30L-80L),2026-07-31,67,https://jobs.ashbyhq.com/atlys/9b25615c-572a-4fc0-975c-9745e412911d,Company ATS (Ashby); Wellfound,74,Stale,n/a (India role),New,"Posted 67 days ago (Wellfound showed ""2 weeks ago"", a repost)",AI-first visa / travel platform.,2026-10-06
2026-10-06,Tekion,Product Designer II,"Bengaluru HQ, India",On-site,3-5 yrs,INR 18L-28L (third-party aggregator),2026-08-14,53,https://jobs.ashbyhq.com/tekion/2064cc74-84ca-4b16-9615-40a73e321c68,Company ATS (Ashby); found via LinkedIn India,72,Stale,n/a (India role),New,Posted 53 days ago (LinkedIn showed 2026-09-10 repost),Automotive retail enterprise software; AI reshaping design.,2026-10-06
2026-10-06,Nielsen,Product Designer II,"Bengaluru, India",Hybrid,2-4 yrs,unlisted,2026-09-02,34,https://jobs.smartrecruiters.com/TheNielsenCompany/3743990015009112-product-designer-ii,Company ATS (SmartRecruiters); found via LinkedIn India,68,Stale,n/a (India role),New,Posted 34 days ago; junior framing (learn alongside senior designers); large-corporate pace,Data-product dashboards and planning tools; design systems.,2026-10-06
2026-10-06,Coram AI,Product Designer,"Bangalore, India",On-site,5+ yrs,unlisted,2026-08-18,49,https://jobs.ashbyhq.com/coram-ai/9083de2f-1806-4f79-bbb1-b2b6248f1b17,Company ATS (Ashby); found via LinkedIn India,64,Stale,n/a (India role),New,Posted 49 days ago; asks 5+ yrs (stretch),"AI-native video security platform, complex B2B workflows.",2026-10-06
2026-10-06,Cardboard,Founding Designer,Bengaluru / San Francisco,On-site,3+ yrs,INR 30L-60L (YC page),2026-06-20,108,https://jobs.ashbyhq.com/cardboard/921e0575-f829-4721-923d-36c2a8d6c7c7,Company ATS (Ashby); YC; LinkedIn,0,,n/a (India role),Dropped,"Over 90 days by company ATS date (LinkedIn showed 1 week, YC showed about 1 month)",YC W26. Dropped on freshness rule.,2026-10-06
2026-10-06,Observe.AI,Interaction Designer,"Bengaluru, India",,,unlisted,2026-09-02,34,https://www.observe.ai/position?gh_jid=5409244008,Company ATS (Greenhouse),0,,n/a (India role),Dropped,Not a design role: speech-analytics configuration and quality-scoring work,Title misleading.,2026-10-06
2026-10-06,Stack Wealth,Product Designer,"Bengaluru, India",,3+ yrs,unlisted,2026-09-21,15,https://in.linkedin.com/jobs/view/product-designer-at-stack-wealth-4469874321,LinkedIn India (only),0,,n/a (India role),Closed,"Company careers page says ""No Jobs Currently Available""",YC-backed AI wealth advisor; would have been a strong fintech/AI fit.,2026-10-06
2026-10-06,Jupiter,Product Designer,"Bengaluru, India",,2+ yrs,unlisted,2026-09-21,15,https://in.linkedin.com/jobs/view/product-designer-at-jupiter-4467376442,LinkedIn India (only),0,,n/a (India role),Closed,Not listed on the company own careers board at check time (LinkedIn listing only),Marked Closed because it could not be verified open on the company page. Re-check if it matters.,2026-10-06
2026-10-06,Skydo,Product Designer,"Bengaluru, India",,4-5 yrs,unlisted,2026-10-01,5,https://in.linkedin.com/jobs/view/product-designer-at-skydo-4472553189,LinkedIn India (only),0,,n/a (India role),Closed,Not listed on the company own careers board at check time (LinkedIn listing only),Marked Closed because it could not be verified open on the company page. Re-check if it matters.,2026-10-06
2026-10-06,Codewalla,Product Designer - AI-native product builder,"Chennai, India",,3+ yrs,unlisted,2026-09-22,14,https://in.linkedin.com/jobs/view/product-designer-at-codewalla-4468717149,LinkedIn India (only),0,,n/a (India role),Closed,Not listed on the company own careers board at check time (LinkedIn listing only),Marked Closed because it could not be verified open on the company page. Re-check if it matters.,2026-10-06
2026-10-06,Runable,Product Designer,"Bengaluru, India",,not stated,unlisted,2026-09-30,6,https://in.linkedin.com/jobs/view/product-designer-at-runable-4472128205,LinkedIn India (only),0,,n/a (India role),Closed,Not listed on the company own careers board at check time (LinkedIn listing only),Marked Closed because it could not be verified open on the company page. Re-check if it matters.,2026-10-06
2026-10-06,EnKash,UI/UX Designer (AI-Native),"Bangalore or Pune, India",,LinkedIn tag: entry level; years not stated,unlisted,2026-10-06,0,https://in.linkedin.com/jobs/view/ui-ux-designer-ai-native-at-enkash-4474664981,LinkedIn India (only),0,Unverified,n/a (India role),New,UNVERIFIED: could not confirm open or date on the company own page; LinkedIn date only (LinkedIn dates were repost-shifted in several verified cases),"Fintech spend-management; payments dashboards, onboarding, card management. Company page lists no open role titles in readable form.",2026-10-06
2026-10-06,Leadrat,Product Designer - Intelligent CRM Platform,"Hyderabad (hybrid), India",,4-8 yrs,unlisted,2026-09-29,7,https://in.linkedin.com/jobs/view/product-designer-%E2%80%93-intelligent-crm-platform-at-leadrat-real-estate-crm-dubai-india-4473200017,LinkedIn India (only),0,Unverified,n/a (India role),New,UNVERIFIED: could not confirm open or date on the company own page; LinkedIn date only (LinkedIn dates were repost-shifted in several verified cases),"AI features in CRM; transparent, controllable AI. Company careers page has no job list.",2026-10-06
2026-10-06,Ionic Wealth,Product Designer,"Bengaluru, India",,3-5 yrs,unlisted,2026-09-22,14,https://in.linkedin.com/jobs/view/product-designer-at-ionic-wealth-4468798301,LinkedIn India (only),0,Unverified,n/a (India role),New,UNVERIFIED: could not confirm open or date on the company own page; LinkedIn date only (LinkedIn dates were repost-shifted in several verified cases),Wealth platform; JD stresses UI craft over process. Company careers page timed out.,2026-10-06
2026-10-06,XenonStack,Product Designer - AI Experiences,"Ghaziabad / Mohali, India (sources disagree)",,3-6 yrs per LinkedIn; 1-3 yrs per third-party mirror,unlisted,2026-09-26,10,https://in.linkedin.com/jobs/view/product-designer-ai-experiences-at-xenonstack-moments-4472271570,LinkedIn India (only),0,Unverified,n/a (India role),New,UNVERIFIED: could not confirm open or date on the company own page; LinkedIn date only (LinkedIn dates were repost-shifted in several verified cases),"Agent / copilot UX for enterprise (reasoning traces, workflow builders). Not found on company Zoho Recruit board.",2026-10-06
2026-10-06,iDream Education,Product Designer,"Gurgaon, India",,1-3 yrs,unlisted,2026-09-11,25,https://in.linkedin.com/jobs/view/product-designer-at-idream-education-4464867803,LinkedIn India (only),0,Unverified,n/a (India role),New,UNVERIFIED: could not confirm open or date on the company own page; LinkedIn date only (LinkedIn dates were repost-shifted in several verified cases),"Edtech (iPrep), on-site. 1-3 yrs is below the INR 8L exception unless pay is shown. Company page not readable.",2026-10-06
2026-10-06,Nava,Product Designer,"Bengaluru, India",,3-8 yrs,unlisted,2026-09-07,29,https://in.linkedin.com/jobs/view/product-designer-at-nava-4462940225,LinkedIn India (only),0,Unverified,n/a (India role),New,UNVERIFIED: could not confirm open or date on the company own page; LinkedIn date only (LinkedIn dates were repost-shifted in several verified cases),AI-native GPU cloud platform. No company board found.,2026-10-06
2026-10-06,Taglynk (hiring partner for AI edtech startup),Product Designer (B2C Startup),"Bengaluru, India",,2-4 yrs,unlisted,2026-09-22,14,https://in.linkedin.com/jobs/view/product-designer-b2c-startup-at-taglynk-4468539493,LinkedIn India (only),0,Unverified,n/a (India role),New,UNVERIFIED: could not confirm open or date on the company own page; LinkedIn date only (LinkedIn dates were repost-shifted in several verified cases),"Employer unnamed (recruiter). AI tutors, gamified pedagogy; welcomes engineering background.",2026-10-06
2026-10-06,Truemeds,Product Designer 2,"Bengaluru, India",,2-4 yrs,unlisted,2026-09-11,25,https://in.linkedin.com/jobs/view/product-designer-2-at-truemeds-4463973910,LinkedIn India (only),0,Unverified,n/a (India role),New,UNVERIFIED: could not confirm open or date on the company own page; LinkedIn date only (LinkedIn dates were repost-shifted in several verified cases),Health e-commerce; not on company Keka board.,2026-10-06
2026-10-06,Cornerstone OnDemand,Product (UX) Designer,"Pune / Hyderabad, India",,2-5+ yrs,third-party estimate INR 6-10L (below floor),2026-09-30,6,https://in.linkedin.com/jobs/view/product-ux-designer-at-cornerstone-ondemand-4445948207,LinkedIn India (only),0,Unverified,n/a (India role),New,UNVERIFIED: could not confirm open or date on the company own page; LinkedIn date only (LinkedIn dates were repost-shifted in several verified cases),Designs in Lovable; HR / learning SaaS with AI. Company board not found.,2026-10-06
2026-10-06,GreytHR (Greytip Software),Product Designer,"Bengaluru, India",,4-7 yrs,unlisted,2026-09-10,26,https://in.linkedin.com/jobs/view/product-designer-at-greytip-software-private-limited-4465621168,LinkedIn India (only),0,Unverified,n/a (India role),New,UNVERIFIED: could not confirm open or date on the company own page; LinkedIn date only (LinkedIn dates were repost-shifted in several verified cases),HR SaaS modules; company board not found.,2026-10-06
2026-10-06,MaxIQ (Gyaan),Product UX Designer,"Pune, India",,4+ yrs,unlisted,2026-09-15,21,https://in.linkedin.com/jobs/view/product-ux-designer-at-maxiq-4465515741,LinkedIn India (only),0,Unverified,n/a (India role),New,UNVERIFIED: could not confirm open or date on the company own page; LinkedIn date only (LinkedIn dates were repost-shifted in several verified cases),Sales-enablement SaaS; company board not found.,2026-10-06
